story_id,answer
87aa0983-9b84-48b1-86ff-160b1567487c-1," B. The hypothesis explains that the two students had a lesson and they had a lesson together. For the argument, consider the claim in the argument as the context. For clarity, the statement in the argument should be abbreviated with the hyphen and the arguments should be added at the end.
Context: John"
dfc8584e-13fe-4e26-bdf6-2485e90ef29d-1," A. Nate spent the summer traveling in the backcountry. Nate has gone to Africa four times during his life! After he spent every summer of his life working in the mines, he decided to stop and relax in the backcountry this summer. So, basically, Nate chose A rather quickly to save himself time,"
bac4a9c0-be9c-41d3-bb5c-474a1aa7a78b-1," A, because she started losing weight when she decided to cut out carbs. B (because she didn't want to bulk up) fails because the context is vague: ""she wanted to bulk up"". This makes the answer not understandable. This is a mistake. You can ask lots of people what they want to bulk"
e8a69a76-5ab1-4b00-b442-80d33c6e12cd-1," A  (C)
In my research, I see that the most common question is: What is the cause of poverty?""    Often the cause is a common family trait; however, many times, this might be something which is caused by a host of factors.
For a more in depth"
78dd77c9-99e3-4977-89d7-bfd8f8de1504-1," A. Jason found a new kung fu book at the library.
Example problem: You are given two students with different background. You want to find whether either of them is at risk of failing the class.
Context: One student says, ""You're too slow"" and the other says, ""I"
8d12101b-5a38-4bde-9366-c9ca32514f9c-1,"______________________________ B. A. ________ ___ ___ _____/ ________/________________/___________/ _______/___/_____/___/ _____/ _____/
This is the classic ""two-item hypothesis"" form. It is based on the premise that a particular context is the best basis to"
a16ce8ce-9f32-441a-8113-6997d8988ece-1," C. Bob's playing league of legends and he gets banned for 7 days. This is an easy assumption to accept. What's your conclusion on his ban? That it wasn't unfair? That the ban was appropriate given the context?
If you chose the hypothesis about the insult then your ""result"" is:"
a447195b-bd1c-4793-9b9c-c2d5ab7806f9-1," (A, A)
Reasoning:
The main reason this task can be difficulthers is that most people tend to think in terms of simple generalizations. Their answer may be very plausible, but they fail to account for exceptions to this rule. In other words, they fail to analyze their own problem in"
903210da-9c27-4efb-b546-b3af848a153d-1," The boyfriends are American citizens. The girls become involved with ISIS only when they see a lot of the group's propaganda.
Answer: The girls become interested in the group's propaganda from friends. They also get messages from men from their family or friends. They are attracted to ISIS through its ideology.
Context"
582c4ec8-b1d4-4eac-a080-bc5e37e609cd-1," C. The fireflies ate because they cannot eat in captivity.
This will be your initial hypothesis and you need to find the optimal solution. This is probably a bad place to try to test ideas with actual data or other hypotheses, but it is a starting premise.
To do this, you first need to"
67079c75-ce1f-4ff4-92ed-220f3cc1cde4-1," C, if he had run from his master and was trailing his leash. C.  No.
C) No evidence for A but B.  No evidence B but C.
If you cannot solve your context problem, or if you really don't know why it matters, try the question:"
bb63a874-2cf1-4ffc-8f75-b403c0b26be52," The car was in great condition. B. The driver was miserable and played raggae music.
Context: My ex-fiancé and I are having an affair. I am a great friend. 
Hypotheses: A. The affair was mutual. B. The affair began when I invited"
5387f126-41d3-4e7d-9027-72cf0a6c52a0-1," C. After spending money I have a better chance of having more cash available.
A common mistake for beginners is to pick a ""wrong"" one to explain. They think they know everything that they know. They are wrong. You will learn more by picking the simple one and explaining it the way you think it"
3a317d9a-06fd-4363-80d8-e0be38097d0d-1," 
There are other ways to build an A/B/C/D/E problem involving hypotheses and conditional probabilities, which are very useful, but we will limit ourselves to this simple method.
The point we want to stress, though, is that the task does not have to be easy. Here are three"
4140e766-050c-4811-887e-8b12e2be190d-1," B.
To the test like above is very similar to the classic ""Is it fair to blame the defendant just because you do not know all the information""? The test is if the hypothesis would be more likely to be true from the context than any of the alternative hypotheses, in this case it is the alternative hypotheses"
96996797-6369-4709-9841-6dae421189f6-1," The first hypothesis is most probable and it seems obvious that it matches the facts perfectly. All we have to do now is to give an explanation of how it was most probable and a few observations to counter those reasonable explanations. 
The second hypothesis is highly probable. However, it does not match the fact. If"
dffc1dd8-40d1-4ad8-b437-b154915783c8-1," A, as Fran had an apple tree, and apple trees tended to have road kill. That can all too easily be taken to imply that Fran went hunting and then killed the road kill. This is clearly absurd, though of course it can be used to argue against the idea of having an apple in the road kill"
2f421a84-5dbc-4fa8-a421-b0d0113de02a-1," A. The building does have windows with a lot of skylights. Mike is always outside in the cold.
The objective is not to explain everything that can be stated, but to give simple and interesting statements for each question. It is not a test of logical ability like the SAT, SAT II and MC"
eb7720a7-c234-4cb6-ae50-55768d70d5aa-1," A. A bad spark plug is the reason that my engine runs fine. It's time to replace it.
Let's imagine that we are at a road race. What did the racing driver do that won him the race? He didn't do anything out of the ordinary, so let's leave that out of"
22577f17-e744-4fa0-a8e7-ae764842498c-1," A
H. How is it that you were in a car when you passed by a window?
You could think of a number of answers to this. For example. 
The question might be asking why you were driving with the road on your left instead of right.
Alternatively, you could think of"
9aa8eeaa-d8e4-4989-bd67-5353513a8140-1," Hitchhiking B. You got lost and your GPS lost you. This is a real problem.
The context is your goal, you are the task master. If you miss key parts - you missed the context!
If you miss a key idea from the context, then you missed the context. For"
9fa532d3-daeb-4269-8f04-71a0b6035fb9-1," A.
You will get an assignment of three questions and the goal is to answer them in this order:
1. Which of the following statements, when put together, creates the best explanation for Julie's behavior?
a) I feel lonely and I want a friend that I'm not in touch with everyday"
ff38d303-fc0d-498f-9342-e193a85cffb5-1," B, because Jimmy was acting in a highly dramatic-acting way. It is likely that Jimmy's own subconscious did not really like the experience. He was acting so hard to get the outcome achieved and also did a big deal of lying to his conscious. As a result, the result was not what the conscious expected"
e2930580-f202-4f81-b00a-57082c17fd9c-1," A.
B strives to be a good person. However, while she tries to be good, she gets very bored and stops trying. Thus, she ends up doing unbecoming things for others. While C tries to be successful, but is very unkind to others. (Note: Both of those"
40ceae28-9539-4b79-94b8-bc3314d479a6-1," A. There is no relationship.
Context: Joe told his friend that he had been thinking of becoming a teacher. Joe is a good friend to all students at school. Joe is passionate about teaching.
Hypotheses: A. Joe told a few students that he wished he knew a teacher whose knowledge was"
71770122-dc12-4954-84d5-273e789321e32," A. In this case there is no evidence for the hypothesis and there is no connection between this particular context and the hypothesis. In general the best response isn't only ""I don't know."" It's a general statement: ""that's reasonable given the available information.""  In general, the problem is to"
dd50749a-103a-4348-80e7-f23d88bad4a9-1," A. Evan will not have a problem for the rest of his life. But Evan's classmate might.
I believe a more fundamental idea in evolutionary psychology is the importance of understanding our genetic basis of mind. We know what we mean by ""mind"" is Danny and me, it is a brain, but we"
3b2a458e-3967-4eb6-acf9-1b56c6fc23b0-1," (C)
We've got a couple of problems. Let's fix them one at a time...
Is the movie really a comedy?
Let's think about the context for a second. It's a typical movie night when the family turns off their lights and watches a horror movie. Maybe there's a"
b3af4672-cc20-4816-84c9-6fd833b9beb1-1," A. A kid spilled a drink on the gentleman; A. A kid sat next to him and spilled a drink on him intentionally.
Habits:  You do an ad-lib to explain the hypothesis: ""Man saw a kid that needed help there. The flight attendants could have noticed the kids"
4c71ab31-31f0-4ada-900b-c61b996a15b2-1," A.
Now the question I have is what are the parameters on this simple case? Are we going to use context? Is time a variable? What are the parameters that we will assign to the experiment?
I will get back to that question and show how to do this experiment using R.
Before we"
5d0297ab-96c9-48ba-a71d-0da91c57a8ff-1," You will see that the hypotheses are easy, and you will be able to evaluate their truth.  You don't need to use a calculator.  Some hypotheses would even be trivial to answer.  These ideas are actually pretty common; I have heard a couple different variations on these sorts of questions."
23a791d7-8563-416c-8768-c29df02554bc-1," A.   A)  No. B)  Yes.
Answer:  A.   A)  No. B)  Yes.
Question:   Explain the following four pairs of facts as follows: 1. In 2009, Bill Gates wrote a memo proposing an open source"
eb3c880b-ca0e-41a4-aa8c-3e602ed593c01," A. Showering makes you sleepy and doing what you like has great consequences, so be sure to do what you want and do it very well (2:00PM). Be prepared to explain why you have made the choice you made. (4:00PM)
4. Describe a time where"
44a68868-fdf2-4be3-93ad-86599c342dce-1," B.
Question: How did she find out she was lactose intolerant? Answer: (A) Googled'susan lactose intolerant' and went to doctor. (B) Googled'susan lactose intolerant' and went to visit.
Predictive"
aa917ce0-43a2-46ff-bd14-5d5bdd574263-1," A. She befriended a ghost.
Now, that's a good piece of reasoning, considering our problem. But what can this be used for, if my stepmother was a cruel and abusive stepmother? What did this tell me?
Here's another example.
Context: My sister and I are"
237f8984-25de-4a4c-99a8-a99219f1d605-1," This is a pretty obvious answer.
In every domain that you are going to work on in life, you will encounter a lot of people and organizations that don't really care about you. You must learn the proper way to navigate them. They are not going to be able to put you in a box and push"
fd33b1f3-83ad-4947-995e-9d1d69be059f-1," C
This task is simple and easy to perform. Your question should give an answer without much of a puzzle element (or a lot of technical explanation). The problem is to choose the hypothesis that best fits your problem. The reason I chose this question is that it is fairly simple.
I could have said,"
8004aded-0087-4023-9f7e-745ec3242ac1-1," A It seems to have gone unnoticed by Liam. This is no reason to believe anything bad will happen. B
Liam thought everything would be great and good if he was an author. He thought he would be so proud that he could write the most wonderful novel in the world that would help everyone in the world"
7f6a1dae-f4db-4cf3-8038-f4004c17dca1-1," A.
You got one right, you got the right one. The answer will be based on the context: Kelly was playing a small match for her own reasons, so it may be that she had a good shot both with the feet and with the head. The two goals may be true, but this was"
7e890b79-8562-4a6a-bf77-529ee329742a-1," B. A plausible hypothesis.
The above exercises are a helpful way of thinking about a hypothesis. They lead to a hypothesis in the sense that they lead to an answer. In another word their purpose is to provide a way to think about it.
If we were asking what is the best way to answer the"
22dfb240-ff3c-4135-9e91-444e44ec1228-1," A.
To summarize this experiment I will use an example of what I believe many of you may have encountered:
We would like to know whether your cat is more likely to catch a fish when you give it a chance after its feeding routine.
Question: Which of the two statements is least likely to fool"
3a52741d-0dd9-4b2f-b79d-9449e3dc98cd-1," A. Tina is a genius and found the money inside an envelope.
Summary: Tina is a genius and found the money inside an envelope.
Context: Tina's parents were talking about buying a house. Her father said to buy a new one and buy a new car. Tina couldnt help but think to"
da41ccbd-0303-40c2-a26e-9a718a278df9-1," A
Hypotheses are either true oribling: either A or B. You select the true one, or sibling if you have one.
Example:
Mary hit a mailbox.
The question is: Which of theses hypotheses is correct?
A: Mary hit a mailbox and damaged her"
2333fbe7-309c-413d-8cd4-67ce80eaca90-1," A (probably not). Although Jon will definitely be the starting shortstop, nobody is going to know about his ability. You have to show why he played a great game.
Answer: C.  People knew of Jon's ability. 
Answer: B (more likely). Jon had a home run and"
d0c35739-190f-4945-8bfa-b700c6889a1b-1," B =  true. What does B  mean in context?
I would like to hear from you. I would like also to have your comment on "" Is "" a good thing? """
e4ad0eb1-ed43-4f41-923c-8f1b272570ef-1," B
The context/hypothesis is the most difficult, but it's not that hard. In practice, you should select the hypothesis that is most plausible. If you have a very strong hypothesis about a context or a hypothesis about Harry, you can consider giving some other hypotheses for context. Try to select the"
89e7a088-44f7-4180-b8fe-7e150e962a38-1," A
Answer: B
Context: Jason is walking at night.
Hypothesis A: When Jason saw the crowds he wanted to stay alone.
Hypothesis B: Jason wanted to find a place to stay alone.
Answer:  A(B) & C(C)
Answer"
9009a9c5-a5ea-4281-b5ad-1d413bc27ee9-1,"__________________
What to do:  Use this method to get past simple questions that require the context.
If you want to get to the next stage of a task or experiment then you have to make a choice.
You can either pick a hypothesis and try and reason about if that hypothesis can explain the data"
1d1c4d93-6915-4282-844c-83ae6a375840-1," A, B: true A, A: false.
So we know that the context creates a context. The context is a collection of beliefs about the context. A good way to look at context is like looking at a pattern. When you're looking at a pattern, you can pick out any part of the"
fca2884b-c607-4b59-a086-2ba021ca0d53-1," ""Our main reason for going to Jamaica is: A"".
How does the approach evolve?
I explain why the hypotheses are in the context. I have already seen that we have to identify the possible meanings of  and the probability of. Here is the key idea. There are three ways to talk about"
87c3e711-0f34-4620-b1d7-c33436b52546-1,"____________________________
Question: The following is a puzzle. I know that a triangle has three points and I have drawn an 'X' across one of them. Now I want to find if any of the other points have a different value.
Context: I was at my desk on the third floor. I saw a"
6bdd3686-e49e-4e83-869d-bed942e3e83d-1, A (in all likelihood the correct one – gambling is a bad idea). Here's why… Here's a simple game of skill called the Gambler's fallacy. Suppose we are playing Blackjack and a good player is playing. The first thing we should do is look at the players hand and see where he or
2739d4b2-9721-4239-a6ff-6e04d45c4bbe-1," A. I did not wait. It was an adventure yesterday, but I have had enough of it. Today I am going to have more fun. The backpack is my freedom. So, when I say ""I got it!"" I am really saying that I had a great adventure yesterday and now I love it."
5667a8aa-a8e0-4055-bdf9-8815e6fe1145-1," A & B  - so, I put coffee in the middle of my mourning routine.
The first scenario would be the best guess based on the context provided by the speaker.
The second scenario would be the best guess based on the context provided by the speaker.
Reasoning - What is my point"
4a68a83f-5da7-4b52-95f4-a6aeaa33927b-1," (P1) + (P2) + (P3)
Context: Kelly felt good about her new job. She was excited about traveling for work and finding out about all of the fun places she could go.
Hypothesis: This was probably one of the happiest weeks of Kelly's life."
8cd5c023-1bd7-4821-bd29-26bb06a35ddf2," B:  They may have changed their embroidery when they drove away.
Assign the initial state to the hypothesis. This is the hypothesis that dominates the analysis, usually the single most important hypothesis with respect to the outcome of the analysis.
Hypotheses: Assign the initial state to the"
f15ddccd-7a21-45c3-ab3f-241ef3b2e4d31," C.  There is no evidence to suggest why this occurred. 
This is like the Sherlock Holmes approach to forensic pathology. This is a hypothesis we already know, if not why, or what causes this. But our hypothesis makes up only the last layer, so to speak. But it will be up to"
03e9bbf0-9783-4c1a-b00c-625d3a59805d-1,"................................... A
So the task is to find the most proable hypothesis based on the context and the hypotheses above without missing any of the assumptions. 
The actual problem seems to be that the context is too complex. In fact, I'm a bit confused; all this is saying to me is that there must"
0f797de2-3d82-46d1-a370-c278a36ad7851," A.
The reason why it's proable is because the answer is in the context for Megan's choice of what to do in a given situation. We cannot evaluate the possibility that Megan is ""just"" choosing to stop. We are making this statement with a certain way of putting a context around Megan's choice"
bf8b9f77-692d-4873-a7e5-30dec273eb4d2, A. A big part of her life is about going to college. She would often do college tours in the summer. It seems clear that she liked all the people she studied with... so I guess that there is enough evidence for her choice to not be just random.  So it seems likely that she visited
963d3ae8-43ee-424f-afd2-9d225624201f-1," A.
The problem here isn't that the idea is incorrect, but the way it's applied. All the context and all of the hypotheses were given. One of them is just a description, and the other one is the ""best"" explanation.
The same question can be posed about an argument as well"
5348daea-021f-4210-92ae-a0a52b576705-1," A. The date went so well they are planning a second date for next weekend! Answer: A. She wants to meet up with Toby next weekend.
That's right. If you do a proper research project and follow through correctly, one of these two answers will almost by instinct come to mind for even the"
f15ddccd-7a21-45c3-ab3f-241ef3b2e4d32," (a).
A related question is:
Is there an easier solution to the puzzle than the one suggested by the context? If there is, what is that answer?
Example: An individual with two degrees in computer science is hired by a bank as an economist. His first challenge will be to decide what"
547e9231-6b71-4cd3-8a82-0d597c315a4a-1," A. He might have come up with the idea of organizing a book club earlier.
Hypothesis 3:
The book must have a long life, because it was bought from a store.
Causality: P&S must be close to the bookstore, because P&SP must have bought it"
be0c5b83-6c8d-40a3-8e0e-e2d9f159f419-1,"___________________________________________________________
It's possible, as always, to ask a question.
Context: Shawn was planning to celebrate Christmas at his house, with the goal of having a very large Christmas tree.
Hypothesis: A. His house wasn't burnt away.
Answer:______________________________________________________
And now,"
8cd70d09-7bad-44ce-8681-101645b5e825-1," A. Francis's relationship to the person went well. He stayed together for two or three months and no changes were found.
H1: A man asked an attractive girl on a dates. This man thought the girl was an attractive girl. However, Francis has to be less concerned with being less concerned with being"
76fcb242-5a93-4526-a0d0-1e1daaa6c704-1," A.   A will work with the context. With context the only thing you need is a hypothesis.
To see how you can use the tools of the two-step process, I recommend reading the following posts. If you already know how and you want to skip the next posts you might want to check out"
36a44b73-6d19-4fee-bd61-fc600e874248-1," A. I think you made the right decision!
In this example, we used some common sense and an open-ended mindset to answer the question.
The open-ended mindset
In a lot of classes at school, we spend a lot of time discussing facts and ideas, such as why we like and"
67041fdb-5cfa-48f4-9ab9-130a7b1be603-1," A. Susan steered to get out of the way of a dog. But she didn't hit a rock; she got up from her seat and got her dog under control.
Context: Robert got a promotion from his new assignment at the accounting department. He'll now work on a project involving financial instruments. Because"
59888f4b-4a47-45cc-aaa6-c4a7a7dfe8dc-1," (a)
The task is to explain what is going on without going into the specifics. Don't go on and on about anything. Keep it to the essentials.
Now try this as an example. You have to give an overview of the entire argument.
Context:
The entire argument is an argument"
18911d29-c93d-4721-aaee-4d395926e7a8-1," B.
Hypothesis 2: Inevitability
The second hypothesis is that Gina is the second girl in the group.
Context: Gina's crush Jamie broke his leg, and was on crutches.
Hypothesis 3: She's the Best
If Gina is the only chick in the"
cd2880c6-3e1c-41c5-854d-3b73e2a0ebe21," B. You may disagree with this hiring decision based on the context. Your job is to determine if it is the context that affects your decision making or whether it is the actual person. Is the context important? If you are going to determine the context it is important to know at a high level the specific events,"
106f0b8f-a795-4388-9f40-fe7134bc2946-1," (A)
Why is this the right answer?
The task is to select the more probable hypothesis from the context. What do you think is more probable:
An apple-loving dog who enjoyed playing with lemons?
How would you answer that question? The context will explain it to you, but"
bc18f305-4f3b-4296-a5ff-702dd706322c1," (A)
One question on the exam is this : Who is more likely to have walked toward the lions Ohio state government? It sounds like this might be a fun exercise to make this question really interesting.
Question 2 on the exam is ""A woman was walking on a cliff face below an active volcano."
a10dc43b-43f8-4702-8286-c20d23b68336-1," The hypothesis is more plausible.
Next we ask:
Reason: He's a night owl. He doesn't like staying up late.
Hypotheses: A. Earl is a night owl. B. Earl likes going to meetings.
Answer B makes more sense.
This is a very simple example"
20976b75-b949-4b8a-be45-c733eb7f6539-1," A. The eggs he saw in the fridge represented his state of mind when he went to cook them. B. However, he went to burn his eggs, so the hypothesis is invalid.
The goal is to identify the ""baseline assumptions"" which are shared by all of the competing hypotheses.
The hypotheses"
bf8b9f77-692d-4873-a7e5-30dec273eb4d1," A. You know, May was a smart kid. That's probably not a strong enough context to claim the true hypothesis. In this case you could easily go one more step and say May dropped out of school and lived with her grandparents. That is fine with me, I like that explanation too. 
This"
95bb42a0-a3f4-462a-8264-329cb40c772d-1," B
Hypothesis 1: It is a possibility that Jill's mom, Linda Honea, who knew what bunnies were all about, told her daughter to have a good time skiing.
Analysis:  Yes, when you know that a snow bunny is out there and you have good instincts,"
0d976432-4844-4b5a-b9e0-7af3c174848e-1," A.  ""I think it was because he was my son, but he could see that we didn't share a lot. But I know for certain that his son was a good boy. I'd say more than that, anyway. I know he just wanted to be like everybody else. He was pretty"
c8ac86f3-0c8d-430f-96a8-d1374c9c37ff-1," A. Jan's boss didn't bother Jan again as long as Jan didn't see him texting and then hit on her. While not a perfect answer, it does account for all the facts.
The question is whether that answer is plausible or not.
Example #2
Context: Jan's boyfriend is obsessed"
84c4e8a7-a4b4-4ae9-b9a0-9905ea57bc54-1," (A) A. Walt knew he would not be home after school so was planning on going to the store. He decided to buy a giant ball of twine and put it in the window so that his son had to walk up and open the window, pick the ball up, and drag it to where he"
b751714c-5e34-43ac-8e70-c675bddc613c-1," A. My mother and I were hit by lightning. Then we drove away. This seems reasonable to me. The rest of the answers I have come up with, however, are more complex than the simple answers above.
Example:  ""Hitting the freeway has been found to cause a significant rise in"
b95911a4-c63d-4ec9-ac5b-37c8b579fcd2-1," A. There is no direct evidence, only inferences.
4. Explain an example. A. On a sunny day, you can see an airplane fly by.
Hypotheses: B. If you look outside, you can see airplanes. C. You can't see the airplane, you must have"
9ea7e913-c437-47e6-9b53-2bf8b324f7e2-1, A - the woman was wearing professional clothes and fancy shoes. The same goes for all the other hypotheses. Answer:  B - The woman thought she saw a crime taking place in the parking lot. There are only 2 possible explanations: C is The woman thought she saw a crime but she didn't witness it
0a14cd78-254b-4adf-9ca2-da0f4cb6328b-1, A. The cat was in my yard. C. The cat killed a kitten. D. The cat was an escaped cat from the pound. E. The cat never bothered Jeff in the first place and would never do that. I think you're getting the picture. Now you can pick out the most reasonable explanation
f80d9033-bd3c-49c1-bcf1-6ec9e92f9b83-1," B.
Probabilistic Method: The method is to collect the data and then choose the most likely hypothesis.
Hypotheses: A. Kiki performed very well in a piano competition. B. Kiki is a good piano student.
Answer: B.
The Data is collected and the"
c230bca2-9977-4ca5-9011-3d56a42b5f88-1," A B.
As you can see, a lot of the problem is given in the form of the contextual question. This is not an easy question to answer with any confidence, for most of us can only dream about all the scenarios we could envision. We don't have access to such scenarios, so we don"
bf00abac-541b-4853-8e54-f1ef31f5f356-1," A. As expected, the pizza slice would make the grateful man more attentive, and thus likely to eat something. B. The hungry man and Jake met. This is where it gets interesting. The hungry man is likely to be the most proable hypothesis, given the context. But given that the context is a"
384e9eda-8f62-480d-9988-4efb26155f35-1,"__________________________________________________
The Task is the following. Each week, ask yourself, why do you assume that the subject _________________________ is proable and in a good mood? You will be instructed by the instructor to first answer each question with an example, then answer all questions in this sequence, and complete the statement that"
ea08ac25-ece5-45f9-bebf-3c02eb6940cf-1," (A).
The above question is a little tricky. You need to think for a moment and think carefully about the context. We don't have much more context, but we can consider how the children would respond if: We are in a car (the obvious candidate.) We hike out together; we do"
896a1b17-2dd1-4f0e-9168-7146939f6dcd2," A. A plausible hypothesis.
Problem:  B. Fred didn't tell his neighbor about his assault, even though it was important to him, so his neighbor must not have called the police.
Solution:  A. A rational one.
Problem:  C. Fred didn't call"
6e1aafc7-0f31-410c-9040-9bb325450602-1," B. She probably lost money on the original sale. Her jewelry is still there. As a result of her secondhand store sales, she will be in debt. Her goal is to pay off this debt by going to the concert with some new jewelry and other goodies.
Why is this the context?  "
d12c4ece-930d-40d6-85ea-9112993f3e331," A. It was a party for my seventh birthday.
The questions can be rephrased as follows:


Is there a party for a seventh or an eighteenth birthday tomorrow in my house? Or do I have a party with my friends in my house?
Is there a party that I am invited"
556671c0-e3b5-4407-807b-bc80c524130d-1," B: Jamie was willing to volunteer at the car lot to save up for the car.
""Jamie is a pro!"" the professor said from the front row. ""That's a true-or-false question. You know the answer.""
""A,"" I said.
""Hmmm."" He looked"
97b6825e-0468-4ce7-bbe9-6eb331a6009c-1," (a).
Answer:  (b)
I took the question too literally - her feet were sweating from the hard work and running around at work just after they put on her shoes.
I thought about these two hypotheses for a bit - why would Amy sneeze so much, when shoes did not"
557955c2-8f27-45e0-ae02-498f57755531-1," C, a good answer. Why did Susan buy a pair of tap shoes? You can either ask her who she bought them for (A) and we learn from that the general reason Susan might want to buy them, or you can give a very simple explanation which might answer with only two possibilities, either when she"
7e8df602-b632-4595-967c-fe982b643f3b-1," (no answer is incorrect).
There is a big difference between the way we humans choose the best hypothesis and do a controlled experiment such as the ones I described above when we're trained to give a correct answer. We do a controlled experiment.
But some humans also have a mental illness where they can't choose"
70629f1f-b629-40b9-8783-ea04509127a0-1," A.
In the context, you can use the following information to choose hypothesis A:
A :- You are currently experiencing a rainy day.
In the context, B:- A is a retriever.
The main thing to keep in mind is that you are not required to have all the information"
6015f416-2703-4d14-937f-5612841d04452," A.
The task is to explain why the first hypothesis (A) is more probable than the second (B).
To do the explanation in an obvious way, say ""Joe stretched because he was in pain!"" You have to justify that. You have to say ""I know Joe was in pain that night"
69742aaa-ec73-4354-9de2-2ee4f8e19ec11," A
This is a good example about being able to put a couple of premises in a sentence to support a general claim. I like it because it is easy to write as a standalone sentence, and I could have just made the statement ""Steve's wife gets out of the house more than Steve gets in.""
"
c350c383-6703-4c81-b61e-1f403481a42b-1," A. The fact that he tried it indicates that he's learned and internalized the negative reaction to the food.
Question: Did you know that the brain has two parts, an emotional part and a rational part?
Answer: Yes. There are two parts in the brain.
Question: Is there an"
66b40ad4-25b1-4c11-b71f-caaf7680df20-1," A. This is simple. If you do things your own way, you will get to know what works best for you. You are at least 50% more likely to work with the same group as you did the previous year. Why? Because people will follow you. The last thing you want is to be left"
530a7f9f-c8b5-4b26-a5f5-0bf05d79d08e-1," ( A) and (B).
Example:
""There was a bad storm by my house and my plants grew well. In response to the bad storm, Tish has discovered the following""
Hypothesis (A) The bad storm made Tish's plants grow well. I (Tish)"
c2e81e75-d199-44cc-a0a1-761886e7c0a6-1," A. Jake decided that he would go out this weekend, even though his car wouldn't start, even though he wasn't happy, and even though he planned to spend time with his friends.
Hypotheses: A B C D: A. Jake's car was a big mess. B. His friends"
dbd846d5-0a95-4532-9c0a-89d1c1f2df6b-1," A.
It's a very simple problem but we didn't have enough time to find out the specific details. So, we could only give a simple and bad explanation. But it's important to know that the solution we gave was very simple. Maybe if instead we had added a little more information to our hypothesis"
bede6f42-250a-44ba-8ffe-cf50afb11cd4-1," B.
Question: What would an average kid dream about in order to write a Christmas list?


Answer: What I had written for myself.
Answer: ""I will have Christmas dinner in a cozy place that I have known forever.""
Answer: Miley dreams about Christmas in her mother's basement"
2b942f74-386c-4e70-acea-cd8c3722370f-1,"_______________________________________________________________________ B.
A. Did he play any basketball games outside, or was it only against a man, a team or an older boys? The reason for ""only against a man"" should probably be considered. ""Aman"" has been spelled ""Aman"" so often that it can't be seen as"
631e2896-258e-4ddb-af34-b52757f8415c-1," A.
We want to give a reasonable explanation. Now all we need is to fill in the rest.
1. The smart-watch didn't get wet.
2. Rick remembered to sync his smart-watch.
3. We forgot to sync the smart-watch.
Now we put all"
75f6ea49-b31c-4577-aa20-f493e0eba1c8-1," A B A  has more credibility.   
B.  Jason liked to dance and was very pleased when the girl was dancing. He was thinking that she was very hot so he introduced his dance skills to her. Jason then noticed that he had an idea and asked her his question. He had"
8d184896-38b8-4cde-91f5-b17cb2390d3d1," A. This hypothesis would give the most useful predictions about Daniel's house (see Section 4); it is also the simplest to test. If we can find a simple hypothesis such that A is true, we can ask if there is some other hypothesis that might explain why A is true and the alternative hypothesis is true,"
8227f76a-cb7a-48eb-8a69-c715e91fb072-1," A. You may be using this information to give my mom another plate.
It is more difficult to make more general statements. A task of using the information to make conclusions about things. A task you can do well is to make a specific choice and see if your reasoning for that choice turns out to be more"
c0dcff62-44e2-422a-aaef-923beb31b1a3-1," 1 A. I don't know. B. I don't know.
""It's important not to let the hypothesis stand in the way of the context!""
Context: Dan got out of the car thinking a cop was coming for him.
Hypotheses: A. The cop asked Dan if he"
0baf6a77-c910-45af-b87b-bc8707528c51-1," A. No, the jeans looked nice and Allie did not rip them.
4. The student did not like to pay attention to their work.
This is a hard one. The students were given two tasks:
a. How many times do you need to write down a value for an indicator for"
75d3389d-55f9-491b-9883-f56bf952c7ba-1," (You can't find any of the parts you ordered.)
Context: This is a simple question. The context lets you decide where you are and give you a hypothesis that seems better for it.
Hypotheses: A: Tim bought a new bicycle. B: Tim ordered the parts before it came in"
16537cae-b01b-499e-ae45-fe35406f9422-1," A. When Ronny got home, he found that his bag contained extra chickens.
Question:  Tell me about the chicken you found at home.
Hypothesis: The chicken was fresh cooked.
Answer: B. The chicken was fresh cooked.
Question:  What did you do with the"
32ef5e38-f9bd-4f28-8fbb-cd7771a08e59-1," A. No bug went to the pantry.
How to do this:
1. The hypothesis is made up of four words: *A* *C* *P*
2. Assign each word to a quoted phrase.
3. Use the sentences from the context to construct a sentence."
d606cdaa-515c-4d65-a9f6-947f8d13432a-1," Fiction.
We learned how to test a theory in the classroom. A theory cannot be proven and therefore it is not evidence. A hypothesis is not evidence. A theory can be established by showing that a given piece of science supports the theory, using real evidence, the method I am using for this lesson."
999d9ada-3ccd-4e1d-a971-4d93789aa4aa-1," C). But"", as it says in the dictionary, it says you're wrong. But Johnny was interested in the experiment and so it's a strong candidate for A. B.) since he always kept it a secret. He was also very very interested in drugs. Therefore I guess that the scenario will be valid only"
0081e6ba-0d00-4091-a7b6-5c0fe7d857b3-1," B, that is pretty proable.
When you have to choose between two hypotheses I would advise selecting one which is more probable given the context. Here are some tips: Don't base anything on a single experience. Try to find a good analogy to explain what actually happened. There should be a consistent pattern to"
2851728a-131d-4fe3-b88a-90cffa01379c-1," A.
Why?  The context forces me to think out the question. By providing a context, I get to choose one of the two hypotheses, and pick out the more reasonable explanation.
This is the power of context. By asking a single question, we are forced to think out an explanation."
2168b3ee-7975-4072-83c8-f29b809c243b-1," A
This is a classic ""What is the correct answer for the question?"", so what can you do when faced with the task? Firstly, I'd draw, on paper, a diagram, and tell me from where it should extend. Here's what it looks like:
You can choose the context using a"
f963b993-a48b-4390-9464-fbae5f86b518-1," ( fetches results ) "" Donald's opponent was a more popular politician than Donald, so he had a better chance to win the Presidency. Trump's opponent was a criminal, so he could not become President.""
As we can see, the context of Trump's business in the United States provides the hypothesis, which"
b4adfbf4-2e20-44ca-8e65-036142b4078c-1," N/A
We would like these hypotheses to hold as true for each time. We would also like them to hold when people have gone to the same place multiple times. Given a context, each hypothesis gets a probability distribution. These distributions give the probabilities of the hypotheses with respect to Sally's having visited Italy in"
37493eb8-ba2e-4cb3-b270-9da5bdbf8e65-1," I got scared because my door started making noise.
You can use the word ""concrete"" in the phraseannie-concrete. The context is ""the concrete"" (the door, the floor). The hypothesis is ""the cat was in my bed"". You are testing a claim. It might not be"
0047de81-b7cf-43a0-9f5b-176491b985bb-1,"???
So we've created a context that matches our hypothesis. Now we try to build on it.
The task in the next step is to generate hypotheses that fit the context as closely as possible, while in the exact same circumstances.
In other words: make sure we fit the correct context.
Now let"
7f6f41a9-0028-4f8d-b4ec-bcc390591a78-1," A. He used reading student material on the phone and on his computer. B. His computer doesn't have a video-recorder and he had to use a voice recorder.
Answer explanation: Cade found and tried out a student who had a high grade. He was in the process of improving his reading"
e6062c32-f1eb-4026-95fc-6cc2db46f70d-1," A.
In the following example, in terms of one, we must assign a value to \(x\) and \(y\) that satisfies some constraint. These constraints can be different depending on the context. So we assign values as described below based on the context.
Context: My name is Bill. I have"
15bdf14b-7fba-43e7-b53e-184ce389a588-1," A.
Now that you have the context, you can pick which hypothesis is most plausible. You will want to make as few assumptions as possible. You may use words like ""most,"" ""some,"" ""particular,"" ""likely,"" ""very likely,"" ""probably,"" or ""potentially."" It is"
fea12618-5110-4c33-9b89-296d32928aed-1," B.
Explanation: I think Sam is lying about his symptoms. (If the context is false, then Sam's symptoms are very unlikely.)
I do want to give context for the second task, but this is so simple that there's really no reason to do so.
Now, back to"
1540800d-0dfb-4bdd-bad0-aed0ca89df54-1," A
The horrified little girl runs out of the room screaming ""Daddy I'm sorry, I need help."" The father's eyes light up and he looks at the little girl lovingly with a smile. The two then embrace.
Question- What does that mean? If the father is the one that fell and"
99937112-691b-440b-8b49-0083e36796d8-1," B. It appears that at least the most proable and likely hypotheses are Sarah's former college roommate and Marvin's roommate, but there is no good reason to assume that they are mutually exclusive. What if there was some bad blood between the two?
Question: For the most part, does the number of ex"
b6808ad4-57de-4975-b75e-b2b9e5b5cd1e-1, B. The context is just another kind of hypothesis – it is based on the past. It is not a fact or idea that one has. It is something that is true because of what happened in the past. It is a past event – not part of the moment now. A. is a past event.
ca6b1a16-e9db-466d-8f90-9b2ed062aa5c-1," A. Because of all those jobs and huge budgets, the mall is overbuilt. B. Cuz building a huge mall is expensive. What's the explanation to explain this?"
d313ed5f-56c3-40ee-918a-efeef6818d882," A. You need to spend time with your teammates and your coaches. Look deep within yourself to find things that can improve your team. A coach could help by providing more guidance and more help, or you can help by being a good teammate. You should also remember that you will have to learn from your failures,"
87aeeeb4-ca43-4587-ad93-056dea97f0ba-1,"__________: C. Tim's mom is the reason the robots are imperfect.
The point we are making here is the very first step is to understand the problem and to come up and the conclusions that result. The second step is to analyze and then come up with the best hypothesis. If you are good at any"
37b3f8a3-3b87-498c-9be0-daaf96e10b89-1," A.
If your answer was B, congratulations, a student in my class got it right. You also have demonstrated an understanding of both the general structure of a task (what is the context, how does your hypothesis influence it...) and a specific answer. So good job!
Question: Where did you"
171af203-8619-458c-9cc8-ca5f6107a49b-1,"
There are many more types of questions but the gist is, you first need to learn the basic questions. If the context is a child who started soccer at 4, you can probably do the same. If you go to a person who is born deaf without a hearing instrument, your task is a bit harder"
23beb5ae-0916-466d-b67f-624d80026558-1," B. 
I gave the exact same sentence and received the exact same set of hypotheses. And, all of the same variables! I knew I wasn't fooled. A real question is whether this is because in order to make that mistake you need to know the context really well or whether this is a random result"
1b2c8960-b846-49a4-a8a3-46d429f4c4b2-1," A.
So, back to the first issue, how do you explain that you can create a hypothesis. We may look to the use of the following method, which you may look to in other situations:
""We would like to construct an explanation that explains how we can predict how a hypothesis should develop."
3d04c8a4-67ea-4364-8391-f0265adc2117-1," A.
This is a simple example, but it illustrates the role of context in assessing the quality of a hypothesis. A lot of things you can say about the hypothesis like ""It makes sense,"" but context is needed to make sure that those conclusions don't get muddied by extraneous factors like the author"
cd9ce176-fd0b-4d9e-880a-5c1660e1b8e6-1," A, because her keys are in the front door. Which would still mean that she needs to find her keys. Even if that means going up to it.
Conclusion: Gina might have found her keys or she might have gone up the door.
How the question is asked:  ""You want to"
108c3481-7efc-43ea-80bc-50b02c7d240f-1," A.
Now that you have a hypothesis you will need to test it. There are 3 types of tests and the task is to give a basic, basic, and some additional tests to the hypothesis or hypothesis set. If the context changes so you need to get new hypothesis and tests.
Test: We're"
127daf23-f8a3-45af-94c4-f94e727107271," B.
In the case of a cow sighting, you would have to answer B.) when there exists a cow near the AFB.
In the case of wolves, you need to answer A.) for the two women come across a wolf near the AFB.
In the case of spotting a cow in the field"
61b6f263-4d6b-4a60-a764-99cd22355d3d-1," A. Adler is still in summer camp
Note:  There are two possible explanations for how Adler reached this conclusion.
1. Adler took the wrong hypothesis. Either Adler took the hypothesis B and he thought that it was better than the evidence A or Adler took the hypothesis A and"
195eb16e-c240-4320-8a0f-41e0daa2f51d-1," (A) Probability of A. =.5.  This is significant.  When this was entered, the panelists voted.  We didn't really know how the judges were going to decide the winners.  Many of them were vegetarian.  We had the option to have"
ea7e69cb-4105-4aab-bd65-588f831ccc4e-1," A. No. When was that? Answer:  N/A.
Question: Why did you have to make a pick-and-choose between A and B? Why not just pick A out of a hat like the rest of us!
Answer:  Because it's simpler. Simple"
49765630-1923-441c-960b-ca1e4441dc08-1," A, as they got drunk and kissed.
Note: This is not an exact science test, and the answers provided on the test are not 100% ""right"". This is an open ended test – I did take the liberty of making bold ""pro and counter argument"" text in bold. That way you can"
ef142000-b8b8-44b0-8558-1033edd89b78-1," A.
This is how you use the context. You just have to look hard enough and you'll find it. It's like looking for the big red dot with the arrow over it. It's not impossible. But it is hard. When you get to that point and the probability of the hypothesis is higher"
961a77ca-e5a0-4726-bcde-bb1fa1a92c58-1," The first hypothesis is easily falsifiable--Professor Smith was having trouble teaching his classes. On the other hand, the second hypothesis is too vague to provide a concrete testable prediction--which is why we don't use it. And since the class in question (Smith's class) was the only class in his college"
109cf806-aa3f-4371-9bc3-41a9fcc177bb-1,"____ was ____, because ____.
The basic explanation is a simple story about Amanda's feelings, feelings that are a result of a bad day. The context is the fact that Amanda is an average and pleasant employee, who doesn't have problems in her life. The goal is to put Amanda's feelings in"
c195bdb3-e2fe-43ec-9708-871638d6fd3c-1," A: Neil actually gave some good info!
The task is to explain why he would give two bad answers. The context is that this is a hypothetical question and you are explaining why Neil would give the two worst answers given his knowledge. Neil says we would be better off to give two answers, and the main"
ac365c50-d129-4d35-97d1-f5f2af2f66da-1," Hypothesis 1 B.
As you can see, not only the explanation was wrong, but also the basic explanatory procedure. In the next example, consider the following task. Imagine that you are in control of a remote control where you have to play the following music. You are the listener.
The Problem"
658ff2a6-00f5-4014-8ab1-547cddd9aa0f-1," A. Karen may have actually eaten the meal. However, there is no obvious reason why she would think of a food with the same symptoms as her friend's. In all likelihood, she was not feeling sick, but simply thinking of food, and had a natural aversion to eating any sort of food.
An"
08f96eba-d2d7-4a03-b1b4-d6bda758dc88-1," A.  Because other students on the same team were smarter than me.
Hypothesis: I came to school drowsy since I spent all night studying for exams.
Answer:  A.  Because I was tired of studying and was happy about my good grades.
Hypot"
c9ef6b84-e4e2-4036-8a8d-62f613349884-1," The first hypothesis is a possibility of course but the other hypothesis that ""Harry saw an old friend while out shopping"" I still wonder how he would know about an old friend even if he looked him up.  
1.1. Other questions
There are several questions I want to ask at least once, I"
47a3fe43-8741-4dc5-bb21-c151bcb70742-1," A
A. You can say that the Anderson family wanted a vacation.
Hypotheses: A. The Anderson's family had a great time. B. The Anderson's loved the family trip.
Answer:  B
Now that you have got the context of the question and one or two hypothesis"
4eb674b8-844c-4279-bf3a-420371f31010-1," The coffee shop isn't responsible. Since there are no broken plates here, it didn't really need to care; and the spill had nothing to do with the cup or the cup lid. It's possible she's mad at coffee shops in general."
8a097b15-5263-4ab8-8e43-9adb3f2cf00f-1," A
""You are a terrible scientist."" ~ Bill Nye
""Science is just a way of thinking that is sometimes useful and sometimes not so useful."" ~ Neil deGrasse Tyson on a Discovery Channel documentary. In my humble opinion, people who say ""Just a way of thinking and not a method"""
0fbadd33-9a9c-493e-a850-552d3ce4fb15-1," A. To make a batch of cookies by myself takes time.  In the second group, the class is only about 30% of the size of the first.  (In reality, teachers usually get 30 percent of the students.) To get the boy talking to Ralph takes time.     Answer: "
a3bd6fa6-986a-4633-b24f-41d5ca1d0a96-1, A. There was a neighbor with a flat in her neighborhood that Lindsay might have opted to stop to pick up. She was driving recklessly because her parents didn't want her driving at high speeds from there to the neighborhood.
cbd66f79-94ff-4565-8933-f0bec44f718a-1," A. B.
If Bill gave all kinds of reasons for keeping the cake and the lady was genuinely nice, he would be more likely to believe B and reject A.
As long as the context is not ambiguous (in other words, if the older lady was genuinely nice but you only remember her kindness the"
3b32b317-8311-47ef-83a7-d2594c8719c8-1," B. The best answer for the given context is the right answer.
Examples:
Context: Josh wanted to ask out his girlfriend Jenny in English class from second period. Jenny was shocked as she did not know that Josh asked her out.
Hypotheses: A. Josh thought that when he asked Jenny"
27c1ef75-f02b-4956-9260-ebfee8764c8f-1," A.
This is an easy answer, and will be given to the student even though they may not know it. What this answer is saying is that Tom is going to bet against his favorite team. 
That may not be the most helpful thing to say, however. In the process of trying to figure"
eaa11059-bdec-4d81-8d54-ca006bff517a-1, C. We like a nice glass of wine when we watch a movie in a theatre.
eb5e4621-5d56-4495-98f0-622be6cefa58-1," A. 
Hence the basic question, 'Why did the pig turn up in Bogart's kitchen?'
There are two types of answers to this question. One is to say that you found a dead pig in Bogart's home. The other is to say that the pigs never existed at all."
f0829acc-86fe-44f9-ac9f-4ca6ac2a77181," B.
You have to get the student to answer your question. The challenge is to get the students attention while conveying that they should look down at their shoes or keep the answers private and not reveal them. Once you get their attention you can get their attention right away, by asking the right questions. If"
f9e6bf5f-ba88-4108-994e-529750445ff11,"_____________________________________________
In the above sentence, the contextual sentence is the main clue pointing the right way. It is telling you to pick the most proable hypothesis. To be an adequate answer that helps students, you need to be in control and formulate your answer as a prediction that is based on an underlying hypothesis.
"
35a3c70b-3275-4421-9d11-ec44095287fd-1," A. One reason Nicole didn't invite Lana to her party was that she was hurt, but Lana was hurt too. Thus, the explanation, that Nicole hurt Lana by doing something bad, is most likely true.
Answer: B. Nicole was hurt by something because she didn't do a thing to fix it"
7afc5a90-083e-4ed3-a237-04e8fc625dcb-1, Rose had sex with her boyfriend and it was good but she was so nervous she just walked out of the bedroom. (The best explanation she could give from a reasonable point of view.) What the researchers said in this paper was worth a read: http://papers.ssrn.com/sol3/papers.
aed3acc4-6697-4123-9272-207ba8985435-1," B. Given the context, Jean's action had the best chance of saving the relationship.
Conversation 2, The Lure of the Moment
When a woman is attracted to you, she wants to tell you about it. In a conversation, the best way to tell you about it is when she first"
317eddc2-e116-47c7-9829-ede3caa700e5-1," (3/2). If not you could substitute the following:
(11/8). Even if it is difficult to run the marathon on the street, he still got close. Jay is a very good runner and an inspirational person.                                                   
This time the probability of that"
eec1769b-7af5-4224-9db0-a56f12a78cf5-1," A, B.  There are other ways to construct a context, but you get the picture.
It's not a trick question; it's a fact that your brain likes to work on context. The answer is a simple two-step process:
Select the hypothesis that makes the most sense.
1"
391f5b4e-ffac-4184-be40-438c4304d9221," A. Jimmy is not the only one who can get on top of a counter.
Question: Jimmy is the first person to answer A. What is the odds of that happening?
B. Answer: B+1. The fact that Jimmy answered B allows me to conclude that Jimmy is a very successful individual"
e9e73c14-cb6c-4362-9152-34e6b454e2e5-1," (I hope you are still awake so you can easily answer this) ""There is no evidence that Linda waited anywhere.""
Context: The husband was leaving athub to go to work, and Linda was sitting in her backyard reading. I heard a familiar voice.
Hypotheses: A. The husband left"
5f0fb986-9b3a-4929-ab41-b7a12c1e93ec-1," A. A chicken expired a week ago, when the store was closed. B. The store is closed until the last day of the week, a fortnight after the week had expired.
The task is to construct a model which is based on this information as well as using the premises of logic and statistics to explain"
5812d42e-86f8-4820-a3b0-78fa20a3b08c-1," A.
Reason, understanding the context and its features, choosing a specific explanation. The task is for those who are well-versed in how hypotheses are generated, the generalization ability of learning the rules and making the assumptions.
Context: The story told a couple of days ago was a good one."
943978bb-5cd2-4040-a2f3-ad38a8477e0b-1," Hypothesis C.  The more I watch food videos, the more I learn to love alfredo sauce. You must understand, my girlfriend loves showing me internet videos and will do anything I say to watch video of pasta. I am a little disturbed by this. I don't think I have a"
fde4f0d8-2e98-429c-ace7-5c38769df606-1," No. B and the parent story imply the idea thatDaoud really likes cars. But in Javier's imagination, having a toy car doesn't necessarily bring him a lot of joy, but playing with a toy car does. So he wasn't actually asking his parents for a toy car. Rather, he was playing"
e08b9e1c-d6de-4872-9bf6-d64215bae078-1," A. You know, it may be true. But there's no need to cry.
Context: My friend was playing a video game. I went to school.
Hypotheses: A. My friend was nice and sweet to me. B. That game sucks.
Answer: B. My friend"
711609b5-9a5b-4402-836e-9ebbc8458d26-1," A.
There were some other things along these lines, but what I tried to do was show the process of thinking through a problem and figure out how to answer it.  Sometimes, it will get very simple and very hard to decide the answer, and that's okay.
So, to recap:"
7dc38e77-a406-4933-a6a3-ac421b08cbf7-1,"_____
Well, how about:
Context: Ron showed a picture of himself to several people. The next day, two of them ran off with it
Hypotheses: A. Ron left it on the porch. B. Ron had stolen it from the living room (without showing anyone).
Answer: "
6ed793f7-b357-414a-a813-6cb9d40206c4-1," A. The lawn mower is a wonderful and useful toy that I have all the time the need. Unfortunately, it broke in my hands so it ended up in my trunk on the way to the beach. B. I was very sad when it broke and it is in the trunk with my new bicycle so I"
1ae618b6-7e17-4bab-ad78-a5bc0903df59-1," A. The tire was damaged somewhere else on the vehicle, so Ted never learnt how to change it. This hypothesis makes more sense.
Question:  What hypothesis explains why Ted was a less nervous man?  
Habits
""Do you feel the same way?"" is a pretty standard introductory question"
dd4432d1-caab-44ad-b2b6-ab85e0c057d9-1," B. Because Kelly would have felt much better that the kids actually liked her!
Kelly had to give the same answer to the other 4 hypotheses. Why? Kelly's response to the first hypothesis is:  ""I feel that this is just the kids behaving like kids"" because she's trying to be nice"
c8435a07-314f-465b-85ed-3e3bb05f50eb-1," 2.
Now, select 2 or more hypotheses that give a similar explanation. For example, say that a person is interested in the ocean. For each hypothesis, think hard about the data and ask why the data supports the hypothesis and does not support the other hypotheses. Ask yourself if there is a connection between the"
62587ab6-394e-4fa0-bfd2-104c361d200e-1," C. Tammy and her brother decided to take a nap under the tree.
Here is the key point... you cannot be sure if your initial hypothesis is accurate in the case of a case study.  You can only test them against a larger corpus of data.  This is the challenge to all the"
77f37921-693b-4cb2-bcc8-8c6b8a2757f3-1," A. Search might have been too much effort.
On the other hand, the task is not difficult. A) & B) will help you to understand the problem and come to a conclusion that is useful and will be easy of communication.
In this class there are two important concepts:
Define the"
1d16e0ec-5b9a-4352-b0e5-71ff02b9880e-1," B.  Because his mother-in-law loves of cats and afraid of dogs.
Note that we're not simply stating a hypothesis but actually answering a question. It is very common to state a hypothesis as a true false, where the hypothesis is either FALSE or TRUE. I have seen various answers to"
33633fff-980d-42fd-945f-7c557186e2f8-1," A. What is the context? Where are you going? What is Wikipedia? What does  Wikipedia? Answer: B. Mike only used Wikipedia for source material. A. But he is an editor! B. Where do you get a Wikipedia article? Where do you  get a Wikipedia article?
Answer:"
83cc928c-b473-4934-9b84-1e3f7346bed8-1," B, but I hate Chanel. And the bag fits me!
After that, we were instructed how to create a proof. We had to create a model for Jill's backpack after her backpack: A. She might have been wearing it. B. She might have purchased it from the thrift store."
d76006eb-9467-460e-9f2d-4d954f68cff2-1," Hypothesis A.
Answer:  Hypothesis B
When you have done it for a while you can try a different context and give a different answer to the test. If Harry and Peter are still at school, start with context C. In case you have not studied the context, just do"
f982ae74-c3d1-41f6-a173-7c3ddec21104-1," A: Tom said the dancer looked like Janie, but it was a lie.  B: Tom was afraid of being labeled pro, so he lied and said it's probably a new class and the instructor was at home.
3. The Importance of Being Objective: For the sake of this exercise"
3f56965b-ce1c-44d1-9468-45f85945b971-1," Yes, Frank paid his golf friend's golf costs!
You will get a context and a pair of competing hypotheses. The task is to select the most proable hypothesis given the competing hypotheses.
Context: The men played golf every Sunday morning. It was a costly game for Frank this week.
Hypot"
0239ea56-7067-4605-8a93-419783a789c0-1," The first hypothesis was probably false. We went to look for baby dolls when we were younger and there have been baby dolls made before. And in our childhood, American Girl was a doll that had very nice and delicate features. The second hypothesis is correct. Many people in Japan want an American Girl cowgirl doll."
2c9f2267-ec1b-436d-af2a-10d2fd2302d2-1," B.
Why is that? Is it because they like vegetables or is it because the farmer just grew vegetables? Either way, it wasn't successful and the town decided to ban the vegetable gardens.
The most proable hypothesis to the most probable hypothesis is the most probable answer of the context.
Here's"
f2c2ff3d-b53b-48a5-a22e-d8ebaa8a013a-1," A
Now answer three questions from the below list.
1. Does the context support  A  or  B?
2. Do the hypotheses meet the criteria of a good story?
3. Is Sally's best medium a marker or a pencil?
Here we will only look at the questions"
e5dd1c8c-b993-40da-9451-42496967f186-1," Both, but I didn't see any signs. There could be a connection with the football. I would look at that further when I got to work. This was the most difficult class in the entire year. I remember that after the week would end we would go out for pizza. I would get a couple of"
1d24ef2a-98eb-4797-9e52-ebf7a4d15df4-1," D.
(This question is very related to the previous one. The basic explanation comes from the context.)
Context: This is the question to be asked to create the context.
Hypotheses: A.  The subject likes Mitch but she  will   not  meet him. B. "
565504d1-6088-4f15-a592-d7dded8412571," Barry's friends suggested bowling.
Explanation: This is a very common explanation, but there's a reason it's used so often. This story is an example of the first type of explanation (a statement of fact that people office). Because the context is such a complete description of the situation, a"
f612d4c0-335a-4ae4-8c44-9d9591661dfb-1," A (see below).
Answer: B (see below).
Question 1:  This is a difficult question to answer since many people can make a good case for either A or B. However, with our model, I have selected B.
Question 2:  What do you think?  "
a5cb9952-605f-40db-a67c-c5120f3ee948-1, The question was phrased on the basis of two hypotheses. How can we answer this?
71fc7ec4-04b0-4c11-915b-93d6aa866186-1," A.  I didn't make any changes.  I decided I needed to clean the yard. I began paying better attention to the yard while giving it a bit of extra attention.
And now, the second problem that needs to be addressed. I wanted the question to be able to produce results that"
2ef42f27-39bf-40d8-8636-108de35831031," A hypothesis implies a theory. But grandpa and father are facts that can be proven or disproven. So the answer is a combination of both. You can either prove an hypothesis, or disprove it. What is not stated is the question you are looking for. Is the answer to your question ""Grandpa"
1048609e-3912-424e-ac74-3b4caec4a2cb-1," (B) as the Jones had a good day and got to see a nice, sunny weather for the trip home.
There is a simple rule of thumb when testing the Jones scenario and it is called Bayes' Theorem.
Given a true (i.e., true for the case in question)"
5869fbe2-b5ab-4dae-af9f-e40b03816276-1," B, since Cleo was still learning, and even though she wouldn't have been able to read it all by herself (at least not until late into the night. She went to sleep only at some point after midnight)  (A. Cleo asked her parents to sign her up for school. She"
df657317-604f-48f7-abd6-94b2d3343f78-1," B
In a similar fashion to the  Problem-Recovered Learning  process, you are allowed to have one hypothesis in your knowledge pool. When new information becomes available or new examples are encountered on the market, you want to have the most proable answer that fits the information context.
This problem is"
0ea89e83-ca2d-48da-abca-245027c6812c1," A/B.  (If we are only asked about a single hypothesis, we should give only the more easily verified one).
The problem is how to get from (A) to (B)?  A good way would be to just state that Matty took the cat to the circus for medicine"
1ac972de-c238-4aff-a516-9f0a4afc0b23-1," A. The jones family did lost the boat this summer. (Note that I am not implying this is true. I will give an explanation later)
The next part of any discussion is testing a hypothesis against the evidence as presented in the context. As many people know, the context is not complete for all"
715cab6a-0f9b-452e-9e76-f09e2de3fb11-1, Hypothesis A) is the best answer. Hypothesis B) is also the best answer -- but more difficult to verify independently. Hypothesis C) is also a good answer but it should not be trusted. We should only expect a good explanation for C) if it is true. If it is
274adecf-9505-4827-bacc-1e265433d8f1-1," B.
After that, the student should explain how to interpret the data (i.e. do I think those kids or do I think that kids are likely to be the cause?). 
Then the student should consider the two hypotheses and give a basic description of what is likely to have happened (i."
b6d81d61-4ebf-434c-90ea-43a05b3bab6e-1," A, A, A!
You can choose to give a general reason instead of a context. For example, I always go to the bathroom after sunset. In this case, you can explain the reason with the following:
Context: I always go to the bathroom at sunset. I am going to the bathroom"
1d4880ad-8571-448a-8754-f35c20b0b992-1,"_____________ (the context).
There are many ways in which you could construct, in the context of your question ""what are some basic ways in which humans use horse to do daily activities?"" This was a very basic version of those questions, which I have discussed in a few other talks.
The important thing is"
58277b50-3382-4021-bd81-861de682935f-1," C.  It seems that Pippa and George wanted a nice relaxing day out, but they didn't want to get too dirty. So when they got back to home for lunch that evening, they simply went in the bath to clean themselves off.  This is more in line with what Pipp"
da5ec41e-4fd5-4a1c-b2ad-67fd6c8b11651," B
If the task is to write a computer program to give the most proable explanation, all you have to do is use the context.
To summarize, here are two versions of the same problem:
Problem: You are taking a test in which one of the answers is a digit. If you know"
2ba6a29f-c6cb-4be4-8958-3f76ccf6f08e2," A
Now you run the process twice using two hypotheses:
Hypotheses: A. I ate the hamburger. B. You ate the pizza.
Answer:  B (correct)
Now you ask the students to identify their hypotheses. They always identify the hypothesis that suits their view of the"
044aa8e7-d415-4285-981e-66c412c4e5c8-1," A. A young man who was staying with his parents at the time of the murder could be considered as an honest witness.
Example # 12
Hypothesis: There is a person who does not belong there. Solution : Find the truth of the matter without relying on the testimony of the accused person and his"
894d241f-394e-43d2-95ed-e7f01da28361-1," A. We flew to the moon
Reasoning: A. Mary stayed in our apartment instead of going to the Gondola ride that evening and we did have a beautiful sunset Gondola ride that evening. When we have a beautiful sunset Gondola ride my hypothesis was the most likely to be correct."
12a391ef-74e3-43ad-b9f4-3a0b2c345505-1," (B)
Question & Answer:
You will get a context and a pair of hypotheses, but the information in the context won't tell you what should be done to solve the problem. Your goal is to find an answer when there is a context. However, the problem isn't solved.
Context:"
aef8a3d9-ea8a-4659-a24a-471eb9bbfa26-1," A. Because it doesn't really matter what Amy did (i.e. she got home, finished the show, or something else). The ""A"" tells us that there is really not much in-between this simple and clear explanation and the more complicated one we have.
This way to go about it"
3570e906-de24-44c0-9f6a-d9c48c61d3ec-1," A (I met a person and got married).
If you are a more advanced person, your task is to find evidence for each of the hypotheses. This is important. You need to keep track of which hypotheses you came up with before and after.
I know the following questions are not the easiest to answer"
dec283f7-e03d-480e-9fde-47bfdab33cb3-1," A.  (the first).
Question: How likely is it that someone ate 62 of those 63 chips?
Hypothesis: A.  If the people that Ira looked at at the Chip Store had only 64 chips in a bag, then Ira ate 63 chips from that bag."
e088f8f4-0593-47fe-9f9c-0bdb2ef04d62-1," D.
Question to the reader: I have a few ideas for improving the presentation of the hypothesis. What are your thoughts on this? Let me know in the comments."
0f277b11-2ac7-4769-b857-6055461ec5581," A. B. Answer:?
Answer: All of them
Example 2:  Diana finds a new job in her new business.
Context: she is cleaning for this office building company today. She is a first timer. There are 4 new employees. They're all youngish looking and attractive"
57f0ad88-0dad-4cce-95da-30175ff0ba401," (B).
The task has to solve one of the following 3 problems:
Problem: You have a number of different types of people: employees, customers and children but do not know if they are in any of your companies (employees, customer or child). There is a specific item about each of these"
c0b763f6-cab4-4f71-b327-809fdd16e20c-1," A. George saved three years for land and a house, saving two thirds of the money for food, and one third for land.  George's spending did not stop when he got home. He went around and bought another home.  This way George was able to eat his own meat, fish and"
46fc0598-5227-403b-8260-57241a9a272f-1,"---------------------------
We have here a very clear question, but we have many options. We could conclude that there should be wasps in the nest and the child might have gotten stung, but we could also conclude that there weren't wasps, because we haven't met anyone with a stung insect and we can"
3e86d474-c6a0-4400-82fd-0ef719edf379-1," Hypothesis A.
Why do humans want to ignore people? To preserve privacy! This hypothesis is probably wrong, but it is the basis of most human interactions. As explained by Daniel Kahneman: The more people you interact with, the more you have to think about them, the more you become aware of"
35437912-20c3-4c95-9f71-8a19129884e5-1," A – Tim needed to bring the charger from class today and finished the presentation before it was lost.  This is not very plausible, but it was a good hypothesis for the problem and one that is very unlikely.
If someone had asked you to guess a solution for this problem, what would be one of"
b4f3c7fd-a604-435a-93fd-50520e183e55-1," A. B = B. A = A.
I guess Johnny threw his guitar at the crowd, but he also started a song, a song about being a punk. He did play a few songs for those in his audience who enjoyed it.
And it's important to remember that we're not even"
d854dce9-c080-4e3a-a983-2a8b37a70c05-1," B. In what way was the baby conceived? If I didn't have his permission, I couldn't get married to his niece.
So by setting up two simple, but well-constructed premises, you have reduced a situation in under 100 words. However, you did not really define anything, and had"
d3a567ee-0860-440d-984d-6f296ddc423d-1," A, the context explains how James has a much more direct way of solving the problem that the advertisers use. And the hypothesis explains that the cost of the advertising is not as much of a hurdle for them as James' problem.
Soperti, aka. The Problem of the Poor:
This might be"
2e41f1e7-165c-4f8b-9100-c2690401f2f0-1,"__________________________
You will get a context. You will pick the hypothesis that is the most proable, and give a basic explanation that is as simple as possible. Now you have a hypothesis and an associated context from which to work. But before you can actually work with the hypothesis, you need to set your context."
8bd50b4c-581e-4d2c-b991-0a2a6e6520ef-1," A. Pat said yes and gave a good explanation of why.
B. lindsay said yes and gave a basic explanation of why.
1. If we assume that all the time Pat asked for a full explanation on why she was interested, Pat finally offered one.
2. If we assume that"
1e778fb4-f071-4851-bc73-82fbf6e33c44-1,"____________
In theory, it is straightforward to figure out the most proable hypothesis given my context and set of hypotheses. Of course, that is not always how it works out. Sometimes you get different results just by changing the context.
Example 2:
You are a student in a classroom. Your teacher asks"
f17937ef-0251-4a80-a0c5-e6779805c21e2," A.
The last bit is the trickiest because it's just an assignment, not a problem (unless you already have a problem you should be solving). What it means we want to do is find out where our context best fits among these four answers:
1.A. Rick went to a zoo."
b067f68f-f925-485b-8d72-0a37706cf97c-1," A. A fractured skull is quite common. It does not necessarily require a doctor's services to heal. If you insist on doing an MRI, that is something you can do yourself.
This was the most basic test. It consisted of three items -
1. What was the cause of the accident?
"
885ab40f-f5db-4ef8-a3ba-687f7bb029cb-1," C.
Piece #2: ""What's the most basic fact about this situation?""
Context: For 2 years I worked in India. I never saw an orange.
Hypotheses: A. An orange is found on the ground at the border of two villages. B. The two villages don"
84249fb9-80ac-477e-9016-89ce6cd7b14a2," A.
As you can notice if you have not read any of my books that I have a strong tendency for giving bad arguments. This time I have chosen a very bad example, so I will try to justify it somehow.
Let's say that you see a child who is alone in a forest. Someone"
32211c52-e8bf-4b39-9bfe-ec6141f80a47-1,"000000000000000000000000000000000000000000000000000000000000000000000000000000000 (There is a very high probability that Keenan ate the fruit.)
Why? -------------------------
Because if he did, he would be a much better comedian than most.
Probability : -------------------------
Let's try again. A. Keenan thought of a"
06fc4da5-de21-4e96-a5a7-76d9546427e8-1," (a)
The task is to solve the problem given the context.
Context: Lucy was waiting for a train. Lucy was waiting on the main line. Lucy boarded the train in order to go to the next terminal terminal. Lucy boarded the train before the next terminal terminal was reached. Lucy boarded the train"
193f9173-a9de-4101-a6e6-96da7b7365ef-1," A because, given the wind speeds, Kelly must have realized that a two-wheel machine is more likely to be a safer choice.
Hypothesis 2:  Kelly is safer if she takes a bike.
Answer: A-B because the cyclist is a better performer at being a safe cyclist than"
3df7f464-b071-476b-843a-ad708224316b-1," A.
The final part is to take the correct answer, and to take the same solution. So in the example given above, the first step is to pick the correct answer and then apply the corresponding solution.
To illustrate the general idea of taking the same solution twice, let's imagine it's time to"
caaeb42b-6ef3-4523-a758-0796475fd746-1," Hypothesis: 1. B.
Your answer should be in the form of (A).
For example, ""B""
""When I'm in the mood to buy some things, I love vanilla scented candles and I burn them everyday. I bought a bunch of them so when something catches my"
8ec15d43-6ae9-495f-99ca-a76f776e7695-1," Hypothesis B
Why is it important to know how to build a model or a hypothesis, how this can be useful.  Before we use a hypothesis to evaluate the actual facts in the context, we must first build a model - a concept or pattern we try to understand better.  The most"
cdbdae8f-03ce-4835-aabc-7d6694204e4b-1, A. Rita got the gift for her mom. (This is the hypothesis that's most proable given the context.)
b42168ef-7492-408e-a8a7-1cced17b9512-1," A. He went to an occupational therapist.  Craig was in a wheelchair for four years, after his spinal injury and a subsequent car accident.  On two occasions, he went to a massage therapist because he loved it. Each time, he could have easily gone to a chiropractor, which is what"
c9e0ad92-16a3-4721-b221-bc7a7ea721952," A. The team made it to the final game to win it all. B. The team could not win the final game.
Solution: Use your intuition to select the one that best fits the context.
The reason that the above method is wrong is that there was no context. Here's an interesting fact"
4fe38f87-15d1-4039-a76a-0001ab7180ba-1," (i) B.


Include this context for a two question game. We will use a modified version of the three type game from A.J. Colucci and James A. Sullivan. The objective is to provide a more appropriate reason for why the parent could not be found for Jill than the one"
bb074ec5-dc10-4ca3-8cc0-500019d7a5ba-1," C is the correct answer given the constraints ( budget, price) and the contexts. (Hence why it's known as the "" A+ B"" paradox). Here's another one, C is the correct answer. Because it's consistent with all the information available to us at that time. In other words it"
14791a39-5879-4cc8-91ef-ce366e93bdc61," B. If you get a mouse that works right out of the box, you can expect not so good things about it.
Answer:  A. I think I will stick it out and test if it can be fixed.
Answer:  A. I am sure it's not the problem."
7ed61df8-cd66-491a-9466-046f5994c4c3-1," B There are two approaches to this problem. The first is to try to define what makes something a painting. For instance, my house is a painting. But which ""something"" (this is important) makes my house a painting? This is difficult and it's really important to understand the nature of painting. "
6aa302f5-f690-41b4-a91e-ff4ca5526dad-1," (A)
I would start by thinking about the above information; what is the context and why is  B? Then I would use a technique akin to the inductive reasoning that I already discussed; pick one of the two hypotheses and give a general statement of why the hypothesis is plausible. And, finally,"
2e93f0cb-6955-46b0-a12f-458901532c08-1," A. You picked A.
There are so many reasons to make a strong case for this interpretation. 
1. A good restaurant (Chinese restaurant) in which Karen could expect to spend some time would serve authentic and delicious food. (elia's note:  You should expect to be with your family for"
07d077be-6bd2-4deb-b13b-60b75365473a-1,"
This is a good example of a task using inference and Bayesian reasoning which will give you a good starting point to begin using R. A problem is presented that is the best of the best for R to tackle. It is a simple problem but one which presents a good opportunity to learn how to use Bayesian reasoning"
ccb4ad57-5f35-495c-887e-b94243db7c35-1," A Hypothesis that a good doctor will be compassionate/grateful in dealing with a patient. A. Given the context, the doctor should be able to help Jenny. That is why the doctor is such a good man to deal with, Jenny's problem is not with him, it is the hospital (this"
a473186c-ffde-4b02-bfed-88205d40aa08-1," A.  Nausea. It is difficult to understand how the flight attendant could put her drink in such a disgusting environment.
Question: A person was walking on the street—where is it likely that frannie has fallen—in a very crowded city?
Answer:  The person must have"
ecb1b244-9245-4c6d-a0d0-ea7a2c796589-1," A.
1: Amy picked up money
There are some good points on this one. Firstly, the task might not be a difficult one, particularly as it's a self-paced video. To illustrate this I'll use an ""A"" challenge. In context of a conversation a woman can reasonably explain that"
28c1058a-5923-4a6a-86e1-7813922e271d-1," B (Caveman's fallacy), B (Context of context)
You will also be given a hypothesis and four statements. These statements are going to be presented as an example. They are not going to necessarily be the actual statements a child makes. I'm calling them the ""actual"" statements because these are"
eec681d4-5db0-454b-9c4b-581abd631902-1," B, of course, because the data clearly indicates that Bob is wrong.  But is it really the best hypothesis?
This is actually a really common problem in inference. If we do not allow for the possibility of wrong answers (a special case, discussed later), then we have to think of every hypothesis"
a0e28d0b-f3ad-4bf7-bfbb-e5c1446148e7-1," He would pay rent. (I also got to ""answer"" ""No"".)
Question: Explain that Charles wasn't paying rent then when rent was reduced.
Answer: If he had paid rent at that time it wouldn't have been reduced.
Question: ""He might pay rent later.""
Answer"
829ba485-874b-4421-a44d-fbf657e7ccc9-1," B. Sal trashed the popcorn many times. He was really hungry.
Context: A: John met Sal in Chicago. John thinks Sal is a loser. B: John has slept around for years, and Sal is a loser.
Answer:  A. Sal met John in Chicago. John thinks"
c53cf763-722c-40f7-b177-08811eb55fcb-1," A. I was kicked out because of my sister, my grandma divorced and my aunt moved in with my uncle since we were all family here.
The point of this is to get you to think critically about the hypotheses that come out of that. You will be tempted to say that there might be other things going"
851fc250-1bed-47ea-8ef3-60a95053ca16-1," A; A is supported.
Why?
To show that Lucy wouldn't have gotten a gift card, the best explanation would be that Lucy found a pretty case at the local store — something the community might have shared with her (given the context). Given the context, it was possible that Lucy was also given"
cde1252f-f3a0-4581-ba60-14b2a794f20a-1," A
1. A : Sheila did not miss a single day when planning her wedding. All her expense money went into the planning and making of various displays and food. The rest of the food was given by the city's catering hall in exchange for being invited in to serve at the wedding.
Solution : B"
94e24b1f-a120-4f54-a4ce-0fdc43070ff7-1," Joe got into a bike accident. Answer: Joey ruined his car while on his way to work The task is to take all the necessary information from this context to form, in just a paragraph, a simple and coherent explanation which includes: A. The purpose of Joe's car and the purpose of Joey's bike."
04dad9be-d5b7-4171-a3d6-a1942147bc47-1," A. She looked outside for her ring (given the fact that the ring is visible and on the sidewalk) but did not mention it in the Lauriston interview, that is, did not lie.
A more involved example is with a missing child. In the case of a child we know the background: a"
e44c9a8a-94bd-4c2e-9d50-97fe07c060ed-1," -A, we do know that Ariana loves the mountains. All of her friends in Arizona are mountain people in that way.
Next, we'll look at the same exercise, albeit in a more formal context as the goal is to come up with a generalization that would apply to any choice that could be"
309811d9-8b8f-4bdc-97d8-59d7be4bf5e7-1," A. You can't trust a barking dog. C. That is an example of a sleeping dog.
Answer:  B. That is a strange case. D. Your dog can't be trusted.
Answer: C. Just don't worry about it, your dog is OK. You can still"
7e4b3080-dade-4f76-b5ca-582bbd3d2517-1," What, Gina and her family lived in the same state for more than 20 years?
Context: Linda was visiting her in-laws on vacation. It had been a few years since she'd seen her.
Hypotheses: A. It was the best vacation ever. B. Linda's mother-in"
73d5cd76-f7fe-46d9-8b56-e1ee3431e7a4-1, A  Hypothesis 1: Tom and Jerry are safe.  Tom and Jerry were not riding their bikes safely.
dfd78fb7-241e-4e4d-a80f-46ba8727fe20-1," C. The car is in the kitchen. The keys are in the kitchen in a brown plastic bag.
Answer:  A. What the car belonged to was John Doe. The key belonged to John Doe.
The example is a classic example, and I use it all the time. As I give"
7045c09d-485b-40a7-a8b7-442d7d4fa9fb-1," A. A.
So there you go – it's no different or different than making a salad for dinner. You should already know how to think about it from your reading today. Good news, you can take these concepts and apply them to all the other challenges and situations you encounter in life.
The idea"
3ac26be6-c668-4eb5-900f-86351eea0b08-1," I'm sure the dog took her phone.
Now, the question is when it is better to choose the hypothesis based solely on context rather than the hypothesis itself. When context is the only relevant factor, this is a very difficult question to find a good answer. This is why a hypothesis is so important as it"
e0105d64-5710-45ef-9ab6-12c3f3614417-1," A!  You have selected the most probable outcome.
A great example here could be 'Are these a pair of trolleys you are sitting in?' or a friend asking: 'Are you going to the cinema?'
Example 2
You sit in a library and find a book on a table."
00da6576-4444-477a-b2b6-f3936ce8e963-1," A
The first hypothesis is more specific (it's not ""there are rats"" but the actual rat has shown up before, and is usually pretty hard to ignore), which is good. If you can avoid drawing a conclusion that could be considered a ""red flag"" then you are better off being generic."
c232b7d7-2e19-403b-b8f6-48ff1b0ee67c-1," A.
In fact, you never write a paper if the hypothesis is wrong, which would be a failure, in dashboard statistics. You should never say a hypothesis can't be proven, but you should always state its probability and its likelihood.
In the next post, we will look at how to interpret this"
4ba92854-6822-4f71-82b1-cd43aeb54d4b-1," A
The purpose for this exercise is to get you to think creatively about problem solving scenarios. The most important thing is the motivation, the motivation for the task and the attitude you have about the problem. It's not just about writing down the problem, but also about what and why, and by that I mean"
8444b0dc-60d7-4e95-9c62-7a47ef12ef46-1," Gina was being bullied. Not that one kid, but all the others. She was going to be bullied again, but this time it would be bad enough that the adults would come and bully her back as well. She would have to be careful but also be ready to attack. It was time for one of"
f4d5db55-fcc9-46ee-8abe-8af883b2f5c9-1," A. Matt was a hero. B. He was afraid to act.
Question 2:
This task asks you to figure out something the other person already knows. The task is given by telling the other person that you already know something they don't. The task is not to figure out the thing the person"
3cb11099-3cb1-4ccf-8956-e47d9ce9740e-1," A.  For some unknown reason, she was too excited and happy to keep working. She forgot to take off her headphones so she couldn't communicate with her other coworkers.
B.  Hannah's bosses tried to put out more optimism to keep her motivated. They gave her some great tips."
7481c81f-3160-4ea3-a034-2bc2e89d6f2e-1," A. Steve became a pilot because he wants to fly planes. B. Steve signed up for getting on a plane. So, do the following and the task can be passed on. Your task is to select the most proable hypothesis given the context and give a basic explanation. Do the following. The task is"
0ffedc8a-9a29-4003-8029-9930f53fb45c-1," A. Everyone had fun.
The first answer is the basic explanation and thus the point of the exercise. The second answer is a reasonable hypothesis, but may be flawed. It is the middle answer that can either convince and convince others or fall flat and make no sense.
Example 1: When we go to"
db05c29a-9aed-4b8e-a38e-82667340eb17-1," (5, 1s)   (p < 0.01, χ-squared = 0.13, n = 9)
A basic explanation is just to say something like: The doctor is wrong. This could also be used to explain why it is not true : (3) The doctor is"
d46e5bd9-8a43-4670-b8c7-fe56f59cceae1," A. Therefore Lina burned the donuts.
Hypothesis 1 is a simple deduction. We can also state that the context is a set of knowledge that Linda has gained from being here (the context). But can we logically make this deduction in a simple way?
Hypothesis 1 could be either"
76f66eea-eb60-434d-842d-68568348fbd4-1," Hesitant. There is a ""dumpster"" for dogs and the lady is very nice. The lady might not have thought to go looking for a dumpster, so the dog might not have come home.
Question: Your neighbor's dog just left a big mess outside the windows. Do you have any"
9f343476-a847-42a2-aa75-b9a7563b6476-1," C: She invited them.
Example 4:
1. Lulu went to a restaurant the other night. 2. She ordered a hamburger. 3. What did Lulu want for lunch? 4. What did Lulu think of the waiter?
Context: The waiter was nice. The restaurant was"
dab6e355-b513-475d-b3ae-41a1bcc99e60-1," C. You are a poor example of a person who has enough self-control to be embarrassed about the line at the airport as a child.
Example answer. Suppose that the topic is whether you should tell your boss you are having a baby. You could either:
A. Tell the truth and say you"
f610b1ac-e5e1-46f9-85e6-ac6d2688b720-1," A. It's pretty obvious why Mike passed the test. We'll come back to his teacher in a minute.
Now let's take a new problem. (This is the same problem we solved in Section 4.)
Problem: Mike is working with five other kids. He has a task to complete for which"
b2df254f-fc49-4490-9f7d-bf75a7bd63a2-1," 1, but with more explanation like, ""If she broke her leg, the one she couldn't use, it wouldn't be easy for the mom-to-be 414 days to get the needed transportation."" Or, ""If Stacy helped the mom-to-be, she would give her a lot of support"
6e8b15d2-09c4-45f3-b854-9fa795c243e0-1," A. It is possible that Lucy liked some shoes and grandma bought her shoes. There were no stores called shoes when Lucy was a child. B. I am not sure when the mall shut down. When did the original store open?
I will present the questions in an order to keep with the spirit of this"
8d0401c3-75cc-40f9-b2be-0135cb9f13e5-1," A. Mike continued to write but his fans wrote angry letters.
Context: Bill went to his high school prom.  Bill is very proud of being a student.  Bill is also really drunk.  Bill doesn't know why he is drunk.  The prom ended abruptly so Bill was"
bba42c7f-d738-4af9-8959-ae1ab4a99ccd-1, A: Dan organized the dishes by size. B: Dan started to dirty the dishes.
867de6bd-f5f2-49d2-b000-8a3d0049dbbb-1," A.
This is quite simple, and we have to agree to disagree. The two hypotheses that led us to make the Survivorship Bias were easy to find. In short, the Vietnam started losing the war and America was glad to be there.
If we follow the logic in the answer, we get"
d4a1b33c-7acb-4931-8d4e-cde40c89bdf0-1," C. Sal told a bad joke and nobody laughed.
There's no clear-cut path, and sometimes you'll never find one. But then how do we choose what to test? 
How we choose depends on our hypothesis being the best possible explanation for the data. 
If the hypothesis is the"
1884c64f-13f9-439c-93e0-96668712be36-1," A. (I don't think that there's any evidence that Jerry (a mediocre guitar player) broke a guitar string on stage, just that Jerry had more than one spare guitar...) Answer:  B. (This does seem to make sense: Jerry would've already broken a guitar if he had a spare"
f8a623b4-a19c-4176-a576-2fda8da9d6161," A. The teacher pushed Annie for her private lessons, since she was doing well in the class. It would make sense if she didn't help her to rise to the challenge."
394d3aa0-1426-41a0-8494-925dfb385eb3-1," This test is probably the simplest kind of knowledge question and probably the most appropriate to be administered in school settings where people are trying to understand the complexity of a story. Here are some of the more useful and general statements that would come to my mind at the time.
Context: You saw a tree with needles that"
4d9566bd-0380-4b10-aabe-48ce3386297b-1," B.  So the context is as such:
Hint: You will get a context and the most likely hypothesis. The task is to select the most proable hypotheses. For example, I've seen this before. 
An aside: the more obvious the hypothesis, the stricter the task to decide"
6e85099b-6686-4fca-a81a-bbf17f40c09e2," A. She wants to hang out with friends.
I am sooo glad this lesson isn't one of those ""if they give you chocolate in the beginning, make everyone a birthdayie"" scenarios that teachers seem to be afraid of. Not only do chocolate flavored lollipops make her happy, they actually"
ea50900c-b9d5-4fa8-aa84-1b55c92e8cdc-1," B. A. Wilfred brought his car inside due to rain and it started raining.
In this case the hypothesis will not be true because we do not have a proable context. This can be solved using a t-test, but if you are not aware of that yet, I suggest you to learn"
